{"cameraMode":{"drawMode":0,"name":"Shaded","section":"Shading Mode"},"sceneLighting":true,"audioPlay":false,"sceneViewState":{"showFog":true,"showMaterialUpdate":false,"showSkybox":true,"showFlares":true,"showImageEffects":true,"showParticleSystems":true},"in2DMode":false,"pivot":{"x":0.11386217176914215,"y":-2.245763575103865e-9,"z":-0.06252874433994293},"rotation":{"x":-0.29836928844451907,"y":-0.01231445837765932,"z":0.0038497806526720525,"w":-0.9543633460998535},"size":22.29729461669922,"orthographic":false}