{"cameraMode":{"drawMode":0,"name":"Shaded","section":"Shading Mode"},"sceneLighting":false,"audioPlay":false,"sceneViewState":{"showFog":true,"showMaterialUpdate":false,"showSkybox":false,"showFlares":true,"showImageEffects":true,"showParticleSystems":true},"in2DMode":false,"pivot":{"x":5.960464477539063e-8,"y":1.834841251373291,"z":0.4083225727081299},"rotation":{"x":-0.29836928844451907,"y":-0.01231445837765932,"z":0.0038497806526720525,"w":-0.9543633460998535},"size":9.124499320983887,"orthographic":false}